port,module_name,vulnerability_name
80,auxiliary/scanner/http/http_version,HTTP Version Detection
80,auxiliary/scanner/http/dir_scanner,HTTP Directory Scanner
80,auxiliary/scanner/http/robots_txt,HTTP Robots.txt Scanner
80,auxiliary/scanner/http/apache_optionsbleed,Apache Optionsbleed Scanner
80,auxiliary/scanner/http/http_put,HTTP PUT Method Scanner
21,auxiliary/scanner/ftp/ftp_version,FTP Version Detection
21,auxiliary/scanner/ftp/anonymous,FTP Anonymous Access Scanner
22,auxiliary/scanner/ssh/ssh_version,SSH Version Detection
22,auxiliary/scanner/ssh/ssh_enumusers,SSH User Enumeration
445,auxiliary/scanner/smb/smb_version,SMB Version Detection
445,auxiliary/scanner/smb/smb_enumshares,SMB Share Enumeration
445,auxiliary/scanner/smb/smb_ms17_010,SMB MS17-010 Scanner
445,auxiliary/scanner/smb/smb_enum_gpp,SMB Group Policy Preference Enumeration
443,auxiliary/scanner/http/ssl_version,SSL Version Detection
443,auxiliary/scanner/http/ssl_cert,SSL Certificate Information
3306,auxiliary/scanner/mysql/mysql_version,MySQL Version Detection
3306,auxiliary/scanner/mysql/mysql_authbypass_hashdump,MySQL Authentication Bypass
5432,auxiliary/scanner/postgres/postgres_version,PostgreSQL Version Detection
5432,auxiliary/scanner/postgres/postgres_hashdump,PostgreSQL Password Hashdump
1433,auxiliary/scanner/mssql/mssql_ping,MSSQL Ping Utility
1433,auxiliary/admin/mssql/mssql_enum,MSSQL Enumeration
161,auxiliary/scanner/snmp/snmp_enum,SNMP Enumeration
25,auxiliary/scanner/smtp/smtp_version,SMTP Version Detection
110,auxiliary/scanner/pop3/pop3_version,POP3 Version Detection
137,auxiliary/scanner/netbios/nbname,NetBIOS Name Scanner
